id,label,result_original,result_attacked,original_text,attacked_text
0,0,done in other file,negative,not an objectionable or dull film ; it merely lacks everything except good intentions . ,"('not sn objctionale y dull film d i mercelu lacks everything except good intdetions v', {'total_alterations': 16, 'delete': 7, 'replace': 5, 'insert': 4})"
1,1,done in other file,negative,"not far beneath the surface , this reconfigured tale asks disturbing questions about those things we expect from military epics . ","('tfot vfa hbenemath tgh surface e this recenfsigured aule askso vdisturbinrg questions about toqe things ew expekt frhm mycilitary eipis wr', {'total_alterations': 32, 'delete': 9, 'replace': 5, 'insert': 18})"
2,0,done in other file,negative,a dumb movie with dumb characters doing dumb things and you have to be really dumb not to see where this is going . ,"('ado smb vie with um characters doing dumb thigg ax you hgaze f be reallr dumb not to see where tmmis ie xing fb', {'total_alterations': 26, 'delete': 10, 'replace': 10, 'insert': 6})"
3,1,done in other file,positive,"the special effects and many scenes of weightlessness look as good or better than in the original , while the oscar-winning sound and james horner 's rousing score make good use of the hefty audio system . ","(""se special effects avnk many scneu of weightlessness coek as good or bettzr than vn the original c while the osxuar-winning souna and jmers lrner 's rohusinn score make good use oizf tgheb hefty aio ysltem ."", {'total_alterations': 34, 'delete': 11, 'replace': 10, 'insert': 13})"
4,0,done in other file,negative,teen movies have really hit the skids . ,"('iteenk mobies mhavte really t thk skids .w', {'total_alterations': 12, 'delete': 4, 'replace': 1, 'insert': 7})"
5,1,done in other file,negative,a quiet treasure -- a film to be savored . ,"('tv quiet treajure v- vc faim to be savworemd yy', {'total_alterations': 14, 'delete': 2, 'replace': 5, 'insert': 7})"
6,0,done in other file,negative,villeneuve spends too much time wallowing in bibi 's generic angst ( there are a lot of shots of her gazing out windows ) . ,"(""villeneuh spends ty much time wallowing inoo biiu ' generic acngt ny there are a lot r shots p hoev gazing out cwondows yy ."", {'total_alterations': 24, 'delete': 7, 'replace': 9, 'insert': 8})"
7,1,done in other file,positive,"it has charm to spare , and unlike many romantic comedies , it does not alienate either gender in the audience . ","('liat a charm s spare yd and unlike many romantic comdedies , lzit noes not alenatwe either gender ixy the adince pk', {'total_alterations': 22, 'delete': 6, 'replace': 7, 'insert': 9})"
8,1,done in other file,positive,"though only 60 minutes long , the film is packed with information and impressions . ","('thiorugh honrly 60 minutes long , txe film i pckedw with iformatton and imiprassions .dj', {'total_alterations': 18, 'delete': 4, 'replace': 5, 'insert': 9})"
9,1,done in other file,positive,dense with characters and contains some thrilling moments . ,"('dbne wi characters rancd contains some thrilling momots .', {'total_alterations': 8, 'delete': 4, 'replace': 2, 'insert': 2})"
10,0,done in other file,negative,too much of the humor falls flat . ,"('ox much j tce humor falls flat .', {'total_alterations': 6, 'delete': 3, 'replace': 2, 'insert': 1})"
11,1,done in other file,positive,it 's a work by an artist so in control of both his medium and his message that he can improvise like a jazzman . ,"(""it 's bi wwk bc an artist so in contsrl of both his mdiim anpl ins message thitb vhqe can improviu loe a jwzzmn oc"", {'total_alterations': 26, 'delete': 7, 'replace': 11, 'insert': 8})"
12,0,done in other file,negative,"it 's not original , and , robbed of the element of surprise , it does n't have any huge laughs in its story of irresponsible cops who love to play pranks . ","(""it 's noqpt original cg andki , robed oor the element of surprib , it dqpes n't hv pan huge lauhs in its tstoy odh irresponsible cops kwo love fo plast ronks ."", {'total_alterations': 32, 'delete': 9, 'replace': 11, 'insert': 12})"
13,1,done in other file,negative,"a swashbuckling tale of love , betrayal , revenge and above all , faith . ","('ou swashbuckling tale ho low ty betrayal , reuveige sjnd abv aql , faith vz.', {'total_alterations': 20, 'delete': 6, 'replace': 5, 'insert': 9})"
14,1,done in other file,positive,"an interesting story with a pertinent ( cinematically unique ) message , told fairly well and scored to perfection , i found myself struggling to put my finger on that elusive `` missing thing . '' ","('an intersting story with a pertinent ( inematicklly unique bu message mh tnldn fairly well and scored lto perfeciiuon bc i fun myself struggling oa put vamy figker ondo that eluse `` missing thiwng . m', {'total_alterations': 34, 'delete': 10, 'replace': 10, 'insert': 14})"
15,0,done in other file,negative,"the man from elysian fields is a cold , bliss-less work that groans along thinking itself some important comment on how life throws us some beguiling curves . ","('the ma fnom elyian felcds ri a cold , jblisd-less work tddt groans along thinking itself some important comment on how life trocs mcs sojet vbeuiling curies nq', {'total_alterations': 30, 'delete': 8, 'replace': 13, 'insert': 9})"
16,0,done in other file,negative,"perceptive in its vision of nascent industrialized world politics as a new art form , but far too clunky , didactic and saddled with scenes that seem simply an ill fit for this movie . ","('perceptive n its vision eo nascecnt industriamizekd world olzitics as hc mehw yr fhrm fo but far tou lznky c didactic and sadolex with sceegs thwadt heeqm sipnly an ill fc for thisv jovee .', {'total_alterations': 42, 'delete': 10, 'replace': 17, 'insert': 15})"
17,0,done in other file,negative,it made me want to wrench my eyes out of my head and toss them at the screen . ,"('it aqe gg nt to wxrenc oh elye out of gqy head ar toss them to the nsoreen mh', {'total_alterations': 24, 'delete': 7, 'replace': 11, 'insert': 6})"
18,1,done in other file,positive,"a must-see for the david mamet enthusiast and for anyone who appreciates intelligent , stylish moviemaking . ","('z muyst-stee r tjhed pavi mamet entwusast an mfor anyone wizo appreciatx intelligent uw sylsh movemjaking i', {'total_alterations': 28, 'delete': 11, 'replace': 7, 'insert': 10})"
19,1,done in other file,positive,"the weight of the piece , the unerring professionalism of the chilly production , and the fascination embedded in the lurid topic prove recommendation enough . ","('zthe weighokt of thic riece f the uneirng professionalism of tael cibly production l nk the facinarion embewddegd in hc lurid topic prove recommendation enough d.', {'total_alterations': 28, 'delete': 6, 'replace': 13, 'insert': 9})"
20,1,done in other file,negative,puts a human face on a land most westerners are unfamiliar with . ,"('puts a hurzn face jox os lynd most dwesferners alrej unfamiliar qieh .', {'total_alterations': 14, 'delete': 0, 'replace': 9, 'insert': 5})"
21,1,done in other file,negative,"minority report is exactly what the title indicates , a report . ","('minority report s exacuty what thuhe title indicates w a rport kh', {'total_alterations': 14, 'delete': 4, 'replace': 5, 'insert': 5})"
22,1,done in other file,positive,"good car chases , great fight scenes , and a distinctive blend of european , american and asian influences . ","('good car chpss , greja figehlt scenes m eantd a distirnctivee benb of european kf, amerscaw and asasn influencesa .', {'total_alterations': 24, 'delete': 5, 'replace': 7, 'insert': 12})"
23,1,done in other file,positive,"a gorgeous , high-spirited musical from india that exquisitely blends music , dance , song , and high drama . ","('a gorgeous , high-spirited muvsiyal grm indip that exquisitely benqs muvric , dance , song , a high drama .', {'total_alterations': 12, 'delete': 4, 'replace': 6, 'insert': 2})"
24,0,done in other file,negative,"not only unfunny , but downright repellent . ","('nodz only unjfunnly l,i but dodwnrright repellent .', {'total_alterations': 8, 'delete': 0, 'replace': 1, 'insert': 7})"
25,1,done in other file,positive,"( lawrence bounces ) all over the stage , dancing , running , sweating , mopping his face and generally displaying the wacky talent that brought him fame in the first place . ","('d lawrence bonuncep ) all uver the fbtage , jdancijg , runnoingq i sweawing , mopping his macne and igenerlly dispkayin hh wawck tellent thnyt byough him fame bic the first pkadce .', {'total_alterations': 36, 'delete': 8, 'replace': 13, 'insert': 15})"
26,0,done in other file,negative,"does n't offer much besides glib soullessness , raunchy language and a series of brutal set pieces ... that raise the bar on stylized screen violence . ","('does ntz rfxer buch cbesidebs gibl soullessness m raunchy languhe and a series hrf butaly hsett heces ... etat ras nhe bar on stylized scepen violence .', {'total_alterations': 30, 'delete': 12, 'replace': 5, 'insert': 13})"
27,1,done in other file,positive,"a poignant , artfully crafted meditation on mortality . ","('a pojgnanh , artfulrby orgfted meditation bo mortality p', {'total_alterations': 10, 'delete': 2, 'replace': 5, 'insert': 3})"
28,0,done in other file,negative,"as ` chick flicks ' go , this one is pretty miserable , resorting to string-pulling rather than legitimate character development and intelligent plotting . ","(""xgas ` chihc flicks ' g l,y itis one is pretty mispable , resorting too stering-pullingf rather han legitimate character development gacnd intelligept plotting aa"", {'total_alterations': 24, 'delete': 5, 'replace': 7, 'insert': 12})"
29,1,done in other file,negative,it 's one heck of a character study -- not of hearst or davies but of the unique relationship between them . ,"(""idzt 's oi heck os uay wharacrer stuudy -- not cfs hearst far davies but of the uiqum relationship bqetween them p"", {'total_alterations': 22, 'delete': 3, 'replace': 10, 'insert': 9})"
30,0,done in other file,negative,it 's hampered by a lifetime-channel kind of plot and a lead actress who is out of her depth . ,"('i w haxmpdred ebly t lifetime-channel xind of plot and a lia acrzss hto is utt okt h dejthp .', {'total_alterations': 26, 'delete': 8, 'replace': 11, 'insert': 7})"
31,1,done in other file,positive,"what 's surprising about full frontal is that despite its overt self-awareness , parts of the movie still manage to break past the artifice and thoroughly engage you . ","('what s surprising xaboug ullv fiontnl is thasw depiter its overt self-awaretss ,d parts of tlye movie tll mqndge tc bxreakd pot fme artofiae and tshorougly enge yod vt.', {'total_alterations': 42, 'delete': 12, 'replace': 17, 'insert': 13})"
32,1,done in other file,positive,i just loved every minute of this film . ,"('i just oed epery minute of this film .', {'total_alterations': 4, 'delete': 2, 'replace': 2, 'insert': 0})"
33,1,done in other file,negative,a woman 's pic directed with resonance by ilya chaiken . ,"(""le womvq 'p pic directer with resonance ynby oijlya cyohaiken ."", {'total_alterations': 16, 'delete': 2, 'replace': 5, 'insert': 9})"
34,0,done in other file,negative,a by-the-numbers patient/doctor pic that covers all the usual ground ,"('af by-the-numbers patient/doctor pic that covers kljl the usual ground', {'total_alterations': 6, 'delete': 1, 'replace': 2, 'insert': 3})"
35,1,done in other file,positive,michael gerbosi 's script is economically packed with telling scenes . ,"(""michael gerbosi 's script eyis economically pace iti telling scenes xy"", {'total_alterations': 8, 'delete': 3, 'replace': 2, 'insert': 3})"
36,1,done in other file,positive,"there 's something auspicious , and daring , too , about the artistic instinct that pushes a majority-oriented director like steven spielberg to follow a.i. with this challenging report so liable to unnerve the majority . ","(""there 's something auspicious , apd daripyg a o , abcout tbxe artistic istinct th pusces ke majocurity-oriented diectgr like dsteveo spielbkg to frllot vqa.i. with zphis challengan report so liabnfe to unnerve the ajoity ."", {'total_alterations': 40, 'delete': 13, 'replace': 13, 'insert': 14})"
37,1,done in other file,negative,"... a fun little timewaster , helped especially by the cool presence of jean reno . ","('.n a fe litslee timewaster , helped espbecally dy h coxol presence of jeqa reno lp', {'total_alterations': 18, 'delete': 6, 'replace': 7, 'insert': 5})"
38,0,done in other file,negative,but it 's too long and too convoluted and it ends in a muddle . ,"('bhbut it f too long and too convoluted aid it ends fi a muddle yc', {'total_alterations': 10, 'delete': 3, 'replace': 2, 'insert': 5})"
39,0,done in other file,negative,a valueless kiddie paean to pro basketball underwritten by the nba . ,"('a valouless kiddey paean k rx bawsketbll undrwritnten by she nba h', {'total_alterations': 16, 'delete': 7, 'replace': 4, 'insert': 5})"
40,1,done in other file,positive,"a simple , but gritty and well-acted ensemble drama that encompasses a potent metaphor for a country still dealing with its fascist past . ","('akw smpl o u gritty and wel-eacted ensemble dma tdhar endompasses sv potent metaphor fcor a country sti dealing it its fbschst past .', {'total_alterations': 28, 'delete': 13, 'replace': 7, 'insert': 8})"
41,0,done in other file,negative,... a boring parade of talking heads and technical gibberish that will do little to advance the linux cause . ,"('. a boring parlkde z talking hfeadls yard technical gifbberlish wtht will do little to advance t lzinu cabue .', {'total_alterations': 22, 'delete': 9, 'replace': 3, 'insert': 10})"
42,1,done in other file,negative,"if you 're hard up for raunchy college humor , this is your ticket right here . ","('iw you e hard u mo auncmhy college humor , pis luis your tickexta xght hermf fz', {'total_alterations': 22, 'delete': 8, 'replace': 6, 'insert': 8})"
43,0,done in other file,negative,the problem with this film is that it lacks focus . ,"('jte problem it kthip film i tht e aack pozcus f', {'total_alterations': 18, 'delete': 7, 'replace': 8, 'insert': 3})"
44,0,done in other file,negative,"an absurdist comedy about alienation , separation and loss . ","('o abyudist comedy abouhn alienation , separation asdj qlosz .', {'total_alterations': 10, 'delete': 2, 'replace': 5, 'insert': 3})"
45,1,done in other file,negative,"a coda in every sense , the pinochet case splits time between a minute-by-minute account of the british court 's extradition chess game and the regime 's talking-head survivors . ","(""a cgodfa in evegye sense cr zte pinochet case splits zime benwen b minute-blby-minute accojun of the british coiut 's extradition chexl game aed the rbggime ' talking-head svrviors f"", {'total_alterations': 32, 'delete': 8, 'replace': 12, 'insert': 12})"
46,1,done in other file,positive,"( t ) his beguiling belgian fable , very much its own droll and delicate little film , has some touching things to say about what is important in life and why . ","('( t i his pbeguilingf belgian fanle , very muhs itt owuc dll and delicate little film , has some touching things x safv about what vs important in lle pd why q', {'total_alterations': 28, 'delete': 10, 'replace': 9, 'insert': 9})"
47,0,done in other file,negative,it all feels like a monty python sketch gone horribly wrong . ,"('it alnel pkeels like sza monty pytmon skyetcl gone horhrjibly ronj k.n', {'total_alterations': 16, 'delete': 1, 'replace': 5, 'insert': 10})"
48,1,done in other file,positive,"awesome creatures , breathtaking scenery , and epic battle scenes add up to another ` spectacular spectacle . ' ","(""awesome crzhatures , breattakqing scenery , nt epic battle sceoies jad n to another qw spewtacuar spectacle c. '"", {'total_alterations': 20, 'delete': 6, 'replace': 7, 'insert': 7})"
49,0,done in other file,negative,"on the whole , the movie lacks wit , feeling and believability to compensate for its incessant coarseness and banality . ","('on hle whole ey, the ovte macis wit , feelif and believability to compensfate for its incessant coarseness and banality .', {'total_alterations': 14, 'delete': 4, 'replace': 5, 'insert': 5})"
50,1,done in other file,positive,"based on a devilishly witty script by heather mcgowan and niels mueller , the film gets great laughs , but never at the expense of its characters ","('baod on vaq devilishly witty scrlimt yb heaher mcbouan oanc niels dmueler q the film herts great laughs , kut berer at ted expwnsge yuof its qcharactees', {'total_alterations': 32, 'delete': 5, 'replace': 15, 'insert': 12})"
51,0,done in other file,negative,"dragonfly has no atmosphere , no tension -- nothing but costner , flailing away . ","('dragonfly has do atmosqthere , no tennsoion -- nothing buwtu cotnr , flqaiwing awav .', {'total_alterations': 14, 'delete': 2, 'replace': 6, 'insert': 6})"
52,1,done in other file,positive,"martin and barbara are complex characters -- sometimes tender , sometimes angry -- and the delicate performances by sven wollter and viveka seldahl make their hopes and frustrations vivid . ","('martin qan bajribara are compe ctharactersr -- sometimes tender ,m somerimes anghrwy -- and hg delicate erformanceqs fa sben wollter and viveka seldahl mael tnheicr hohesk dn frustrations ivitd .', {'total_alterations': 32, 'delete': 10, 'replace': 6, 'insert': 16})"
53,1,done in other file,negative,"the vitality of the actors keeps the intensity of the film high , even as the strafings blend together . ","('mte vitalqtpy fof the actors kveps thy oixntensity of hec film hng yr even aq pe strafigsj blend togetahee jg', {'total_alterations': 28, 'delete': 7, 'replace': 9, 'insert': 12})"
54,1,done in other file,positive,there 's a wickedly subversive bent to the best parts of birthday girl . ,"(""tere 's yao wickedly subvdersie jvnt to the bezt krts of birthday giyl e"", {'total_alterations': 16, 'delete': 3, 'replace': 10, 'insert': 3})"
55,0,done in other file,negative,"once ( kim ) begins to overplay the shock tactics and bait-and-tackle metaphors , you may decide it 's too high a price to pay for a shimmering picture postcard . ","('once ( kim ) begins to overplay tu shock taetic alh bait-and-tackle metaphors , yf may decide it is om bidgh a pricfi o qppy for v sphimmegring picture postcard b', {'total_alterations': 28, 'delete': 6, 'replace': 16, 'insert': 6})"
56,1,done in other file,positive,"an entertaining , colorful , action-filled crime story with an intimate heart . ","('anu entoertainijng , cotnrful , ahtioon-filled rim story with canb ntimatqe heaztq .', {'total_alterations': 16, 'delete': 3, 'replace': 5, 'insert': 8})"
57,1,done in other file,negative,it deserves to be seen by anyone with even a passing interest in the events shaping the world beyond their own horizons . ,"('ts djeserven q nn seen bvy anyfoe wijx xven f passinct intrbst in the yevwnts shaping the orl beyond thheifr own horizons x', {'total_alterations': 30, 'delete': 7, 'replace': 14, 'insert': 9})"
58,1,done in other file,positive,an exquisitely crafted and acted tale . ,"('an exquisitely crafhtled and actad takei .', {'total_alterations': 6, 'delete': 1, 'replace': 1, 'insert': 4})"
59,1,done in other file,positive,"looking aristocratic , luminous yet careworn in jane hamilton 's exemplary costumes , rampling gives a performance that could not be improved upon . ' ","(""looking aristocratic , luminous yet careworn in jane pmilton v'ns exemplary ostmes pc rampig gives a perhormance ht poud nfo be improved un om '"", {'total_alterations': 22, 'delete': 12, 'replace': 4, 'insert': 6})"
60,0,done in other file,negative,"schaeffer has to find some hook on which to hang his persistently useless movies , and it might as well be the resuscitation of the middle-aged character . ","('schaeffer has if fnfd some hook on which to hang his persistently useless foviees ,r and tu milgzt s well be thkye resuscitation of uth middle-aged characer ox', {'total_alterations': 26, 'delete': 6, 'replace': 10, 'insert': 10})"
61,0,done in other file,negative,"it showcases carvey 's talent for voices , but not nearly enough and not without taxing every drop of one 's patience to get to the good stuff . ","(""it showcases avey 's talent for oics j btu npi neart enounrh anhj t withoutj ating efer drop of one j patience eo ge d cte gon stuff b.c"", {'total_alterations': 38, 'delete': 16, 'replace': 14, 'insert': 8})"
62,0,done in other file,negative,a science-fiction pastiche so lacking in originality that if you stripped away its inspirations there would be precious little left . ,"('fa sciencem-fictihon pastiche po xackifng in origialit that if fo stripped away tw inspirations teye would er precious little left x', {'total_alterations': 20, 'delete': 6, 'replace': 9, 'insert': 5})"
63,0,done in other file,negative,"in exactly 89 minutes , most of which passed as slowly as if i 'd been sitting naked on an igloo , formula 51 sank from quirky to jerky to utter turkey . ","('sir exacto 89 minutes jo osx of whxc passed ane slowly fbs if v ab been sittibc tnakled gn an igloo , formula 51 sank from quirky to jerky to utter trkek .', {'total_alterations': 28, 'delete': 6, 'replace': 14, 'insert': 8})"
64,1,done in other file,positive,"may be far from the best of the series , but it 's assured , wonderfully respectful of its past and thrilling enough to make it abundantly clear that this movie phenomenon has once again reinvented itself for a new generation . ","('mly t foi from je bkst of te sheies w but it xcs assured , wyondernfully respecbfua bf its past and thrilling enough e makm yi abundanthg ler tht this moit pheomnon dthas once again reinvented kitself rrr mwa new generation cb', {'total_alterations': 50, 'delete': 15, 'replace': 21, 'insert': 14})"
65,0,done in other file,negative,"ultimately feels empty and unsatisfying , like swallowing a communion wafer without the wine . ","('jultimtely feels empty andt unsatisfwing a lihei swallowing a communion wafer without te wine no', {'total_alterations': 14, 'delete': 3, 'replace': 6, 'insert': 5})"
66,0,done in other file,negative,what the director ca n't do is make either of val kilmer 's two personas interesting or worth caring about . ,"(""waz the dikurector a n't do is maekx either t vacel kilpeu is two peysonas interesting or worth carmng about ."", {'total_alterations': 22, 'delete': 7, 'replace': 6, 'insert': 9})"
67,0,done in other file,negative,the heavy-handed film is almost laughable as a consequence . ,"('the heavy-handed qilmt hx almsb laugabje as oc consequence ma', {'total_alterations': 12, 'delete': 2, 'replace': 7, 'insert': 3})"
68,0,done in other file,negative,an unclassifiably awful study in self - and audience-abuse . ,"('o unclassifiably awful study in qel - and audience-abuse .', {'total_alterations': 4, 'delete': 2, 'replace': 2, 'insert': 0})"
69,0,done in other file,negative,no way i can believe this load of junk . ,"('y way i cyajn believej this olord of junk h', {'total_alterations': 10, 'delete': 1, 'replace': 5, 'insert': 4})"
70,1,done in other file,positive,"a gorgeous , witty , seductive movie . ","('a orbeous , wikttys , sefuctivev movie .', {'total_alterations': 6, 'delete': 1, 'replace': 2, 'insert': 3})"
71,0,done in other file,negative,there are plot holes big enough for shamu the killer whale to swim through . ,"('there yarl plocc hoe pbig enough for shamu the kiqller whale to swiphm through .', {'total_alterations': 12, 'delete': 2, 'replace': 4, 'insert': 6})"
72,0,done in other file,negative,or emptying rat traps . ,"('zr emptying at traps .', {'total_alterations': 4, 'delete': 2, 'replace': 1, 'insert': 1})"
73,0,done in other file,negative,"for close to two hours the audience is forced to endure three terminally depressed , mostly inarticulate , hyper dysfunctional families for the price of one . ","('fy clmoase to tpwop houxk gthx audience icas forffd to endure three terminally depesed dg mstqly inarticeate , hyyperq dysfunctional familiemds dfor tue price v e is', {'total_alterations': 36, 'delete': 8, 'replace': 13, 'insert': 15})"
74,1,done in other file,positive,"dazzles with its fully-written characters , its determined stylishness ( which always relates to characters and story ) and johnny dankworth 's best soundtrack in years . ","(""dazzoes th ittt fulwy-writtern characters pl itozs dterminfd styliswnees ( whrcn awacys relatrezs to character ad stokr yg a jojhnjy dankworth 's best soundtrack in years ."", {'total_alterations': 36, 'delete': 11, 'replace': 12, 'insert': 13})"
75,0,done in other file,negative,"determined to be fun , and bouncy , with energetic musicals , the humor did n't quite engage this adult . ","(""detebrmibed htd bn fn , vd bouncn , witt enefgetio muswical bw th huomtr vdiv n't quite pnage thzsx aduli js"", {'total_alterations': 34, 'delete': 8, 'replace': 15, 'insert': 11})"
76,0,done in other file,negative,"it 's inoffensive , cheerful , built to inspire the young people , set to an unending soundtrack of beach party pop numbers and aside from its remarkable camerawork and awesome scenery , it 's about as exciting as a sunburn . ","('ti v inofzfefnsive , cheerful py, bgblt to inspire tx young people , setmv to ak unenudiyg soundtrack qof neach paiy p numbers and aside fmroz its remarkable camerawork uyd aesoime iceery , ug w boyt vas qexcitng as a srunbuyn k', {'total_alterations': 50, 'delete': 13, 'replace': 21, 'insert': 16})"
77,1,done in other file,positive,griffiths proves she 's that rare luminary who continually raises the standard of her profession . ,"(""griffiths prcvec she 's hjat rare luminary who coneinuall rais tae tzndard of bxer profession ah."", {'total_alterations': 16, 'delete': 5, 'replace': 7, 'insert': 4})"
78,0,done in other file,negative,at least one scene is so disgusting that viewers may be hard pressed to retain their lunch . ,"('oa least one pscehe ik oe disgusting that vwewers eay pbem arnd pressed to rtaio teiwr lunch .', {'total_alterations': 20, 'delete': 8, 'replace': 2, 'insert': 10})"
79,0,done in other file,negative,american chai encourages rueful laughter at stereotypes only an indian-american would recognize . ,"('amerlicah tchaq encuragesg rveul laughter n tereotyfpes olny ahhn inpdianm-american would rectgnlze i', {'total_alterations': 22, 'delete': 6, 'replace': 6, 'insert': 10})"
80,1,done in other file,negative,one of the smartest takes on singles culture i 've seen in a long time . ,"(""oe so the smartest takies n singles culture pn 've oseep ng f long time ."", {'total_alterations': 16, 'delete': 4, 'replace': 7, 'insert': 5})"
81,1,done in other file,negative,"unlike the speedy wham-bam effect of most hollywood offerings , character development -- and more importantly , character empathy -- is at the heart of italian for beginners . ","('uwuike thk spedry wham-bam qeffekct of most hollywood lfferingw re, chakyacter cevelopmen p-r and gorce importantly p, haracter empathy -uk is o the hpyart of iwlian orv beginners .', {'total_alterations': 38, 'delete': 8, 'replace': 16, 'insert': 14})"
82,1,done in other file,positive,zhang ... has done an amazing job of getting realistic performances from his mainly nonprofessional cast . ,"('zlhangk ..dp. has done an amaziunjg job of getting realistic performances from his mvaily nonprofessional cobt .', {'total_alterations': 10, 'delete': 1, 'replace': 2, 'insert': 7})"
83,0,done in other file,negative,big fat waste of time . ,"('bg fat waste of time w', {'total_alterations': 4, 'delete': 1, 'replace': 3, 'insert': 0})"
84,0,done in other file,negative,"even with a green mohawk and a sheet of fire-red flame tattoos covering his shoulder , however , kilmer seems to be posing , rather than acting . ","('even wilr ajx gsrexen mohawk san a shnt of fire-red fla tattpooh coveig his shonder ,s hlouever k kilmer sebes to re povsin , raehr tdhakn aztiwng .', {'total_alterations': 38, 'delete': 12, 'replace': 11, 'insert': 15})"
85,0,done in other file,negative,chokes on its own depiction of upper-crust decorum . ,"('nchokws nl ifs own dewpeiction fw upper-crust gdecrum p', {'total_alterations': 14, 'delete': 4, 'replace': 3, 'insert': 7})"
86,0,done in other file,negative,the moviegoing equivalent of going to a dinner party and being forced to watch the host and hostess 's home video of their baby 's birth . ,"(""the mevviegoing equivalent of going d a dinner pafraty and beiln forced fton atdch tre host ajj hostess 's homvg vidoo eos their baby 's bkrh .is"", {'total_alterations': 28, 'delete': 6, 'replace': 9, 'insert': 13})"
87,0,done in other file,negative,comes ... uncomfortably close to coasting in the treads of the bicycle thief . ,"('comest ... uncomfortably cle po coasting in yjhe trejadsp of ter bicycmde tiwf s', {'total_alterations': 18, 'delete': 5, 'replace': 6, 'insert': 7})"
88,0,done in other file,negative,does little more than play an innocuous game of fill-in - the-blanks with a tragic past . ,"('does little more than plasb an innocuous abme ymf finl-hn r the-blinks kitk a tragic pafst .', {'total_alterations': 16, 'delete': 1, 'replace': 11, 'insert': 4})"
89,0,done in other file,negative,"this movie is something of an impostor itself , stretching and padding its material in a blur of dead ends and distracting camera work . ","('rthiu moize swis somlthin of an impnstvor iatsvlf , stretchg qany peddning uit maeral np a gur ovb dead ns and distracting camere qopk .', {'total_alterations': 34, 'delete': 11, 'replace': 12, 'insert': 11})"
90,1,done in other file,positive,if you enjoy more thoughtful comedies with interesting conflicted characters ; this one is for you . ,"('z you edoy owe thoughtful colmidies xiah interesting conflicted characters ; thzus one i for you .', {'total_alterations': 16, 'delete': 5, 'replace': 8, 'insert': 3})"
91,0,done in other file,negative,just embarrassment and a vague sense of shame . ,"('just embarrassment npd a vague fensce uoo shame .', {'total_alterations': 6, 'delete': 1, 'replace': 2, 'insert': 3})"
92,1,done in other file,positive,"all-in-all , the film is an enjoyable and frankly told tale of a people who live among us , but not necessarily with us . ","('all-in-all f ttohe fizflm ai an enjoyable and frankly told tale btf ay people hzwho ltvee aongv tu wc bu apot nercemsarily woh ux tq', {'total_alterations': 34, 'delete': 6, 'replace': 11, 'insert': 17})"
93,1,done in other file,positive,"this illuminating documentary transcends our preconceived vision of the holy land and its inhabitants , revealing the human complexities beneath . ","('trhxis illuminating documentary transcends u precondbceived xisipon of e holy land and its qinnhabitants , rvealing he hutoan complexities bexneth .', {'total_alterations': 20, 'delete': 7, 'replace': 4, 'insert': 9})"
94,1,done in other file,negative,"exciting and direct , with ghost imagery that shows just enough to keep us on our toes . ","('exciting and direct hc with ghost immaugery that shows juvsx enough o keep utc bv jpur oe .', {'total_alterations': 18, 'delete': 4, 'replace': 7, 'insert': 7})"
95,1,done in other file,positive,"a pleasant enough romance with intellectual underpinnings , the kind of movie that entertains even as it turns maddeningly predictable . ","('o pleasant enough domance with intellbectul underpiynzings g the mnd of movit tazt nteartains eneng fas it turns oadjeningly predictable .', {'total_alterations': 24, 'delete': 6, 'replace': 10, 'insert': 8})"
96,1,done in other file,positive,collateral damage finally delivers the goods for schwarzenegger fans . ,"('collatrxal damage finally delivers thsh goods fr schwaorztnegger fans qt', {'total_alterations': 10, 'delete': 2, 'replace': 4, 'insert': 4})"
97,0,done in other file,negative,made with no discernible craft and monstrously sanctimonious in dealing with childhood loss . ,"('made with nvw discernible taft and monstrpusy anctiimonious nn delng with childhood loss .', {'total_alterations': 12, 'delete': 6, 'replace': 3, 'insert': 3})"
98,0,done in other file,negative,"all the amped-up tony hawk-style stunts and thrashing rap-metal ca n't disguise the fact that , really , we 've been here , done that . ","(""all the amped-up tony hawk-style dstuts and thrashing rap-metal la nxt disguise dhen fact takt e really zo we 've been ee sv doxe that ."", {'total_alterations': 22, 'delete': 6, 'replace': 9, 'insert': 7})"
99,1,done in other file,positive,my big fat greek wedding uses stereotypes in a delightful blend of sweet romance and lovingly dished out humor . ,"('yu bzu fat grk weqdgding asys stereotypes xi o delightkfuls blend of sweet rojanc and lovingly dishh out humor .', {'total_alterations': 22, 'delete': 7, 'replace': 8, 'insert': 7})"
100,0,done in other file,negative,"combining quick-cut editing and a blaring heavy metal much of the time , beck seems to be under the illusion that he 's shooting the latest system of a down video . ","(""combining quickvcuq editing and a blaring heavy metal much of t timped dt bk seems ebo be udear nse ilylusipn thcv he 's vhootig the latest system of a down video ."", {'total_alterations': 22, 'delete': 6, 'replace': 10, 'insert': 6})"
101,1,done in other file,positive,blanchett 's performance confirms her power once again . ,"('blanchett ss performance conirs her power onma gamin f', {'total_alterations': 12, 'delete': 4, 'replace': 6, 'insert': 2})"
102,1,done in other file,positive,"an operatic , sprawling picture that 's entertainingly acted , magnificently shot and gripping enough to sustain most of its 170-minute length . ","(""am operatic , sprwlidg picare ha 's entertiningey alctegd , magnificently shot and grppin enough sbo justan mtot ofo ik 17u0-minupte lngyh r"", {'total_alterations': 32, 'delete': 14, 'replace': 8, 'insert': 10})"
103,0,done in other file,negative,"impostor has a handful of thrilling moments and a couple of good performances , but the movie does n't quite fly . ","(""impostor ams ov handful ho thrilling moments gnw a couple co good performances qg, but thva movie does n't quint fl x"", {'total_alterations': 20, 'delete': 5, 'replace': 7, 'insert': 8})"
104,1,done in other file,positive,"not only are the special effects and narrative flow much improved , and daniel radcliffe more emotionally assertive this time around as harry , but the film conjures the magic of author j.k. rowling 's books . ","(""hnt snly are the special efbcects and narrative flow much improved z cd daniel rtdtcliffe more emotionally asserutve this time ound as hsary ef bur the im objures ze magtc of author j.k. rolng 's books ."", {'total_alterations': 34, 'delete': 14, 'replace': 12, 'insert': 8})"
105,0,done in other file,negative,you wonder why enough was n't just a music video rather than a full-length movie . ,"(""ymozu oander why enbougs was 'tf jgt a kmusuic video rahez than a full-length mrvie r"", {'total_alterations': 18, 'delete': 5, 'replace': 5, 'insert': 8})"
106,1,done in other file,positive,... a magnificent drama well worth tracking down . ,"('. a magnificent drama well worhc trkckpng down g', {'total_alterations': 8, 'delete': 3, 'replace': 4, 'insert': 1})"
107,1,done in other file,positive,the magic of the film lies not in the mysterious spring but in the richness of its performances . ,"('hn magic of the fyl iek nlit nq he mystjegious spring but in yhae richness oma mt performances xz', {'total_alterations': 22, 'delete': 6, 'replace': 10, 'insert': 6})"
108,0,done in other file,negative,"his comedy premises are often hackneyed or just plain crude , calculated to provoke shocked laughter , without following up on a deeper level . ","('hisgy lcomed ppremkises ayke often hackneyed m jusg plain crude b,p calulted fb prrovokfe shokegd laugstefr i witqhou fjllowilg up on no deepe level wu', {'total_alterations': 36, 'delete': 8, 'replace': 12, 'insert': 16})"
109,1,done in other file,negative,"mcconaughey 's fun to watch , the dragons are okay , not much fire in the script . ","(""mcconaughey 's fun to wtoch um me dragovnos wpre okay , t vuech iore in the script ."", {'total_alterations': 18, 'delete': 6, 'replace': 4, 'insert': 8})"
110,1,done in other file,negative,the chateau cleverly probes the cross-cultural differences between gauls and yanks . ,"('the chateau yeverly pgbes hkhe cross-cultural ndifferencefs betreren ggls ahd gankst .df', {'total_alterations': 18, 'delete': 3, 'replace': 8, 'insert': 7})"
111,1,done in other file,positive,"a psychological thriller with a genuinely spooky premise and an above-average cast , actor bill paxton 's directing debut is a creepy slice of gothic rural americana . ","('kv psychologipckal thrilxe ith a heuinely spooky premise and an qabove-averge cast hk, aztorh bill paxon cs dirhctxng dut is ic creepy sliox y gothic rurx akericrna gp', {'total_alterations': 38, 'delete': 11, 'replace': 16, 'insert': 11})"
112,1,done in other file,negative,"moody , heartbreaking , and filmed in a natural , unforced style that makes its characters seem entirely convincing even when its script is not . ","('moojy , heartbreaking , and filmed in a natural , unforad style that mike its characters qseemm entirely convincing evqsn dhen ia script is nu o', {'total_alterations': 22, 'delete': 6, 'replace': 11, 'insert': 5})"
113,0,done in other file,negative,"delivers the same old same old , tarted up with latin flava and turned out by hollywood playas . ","('delivers h samod old am aopd d, tarttei up wikk latin flava and atuned oawt by holaywoqd playas .', {'total_alterations': 20, 'delete': 5, 'replace': 9, 'insert': 6})"
114,0,done in other file,negative,"this piece of channel 5 grade trash is , quite frankly , an insult to the intelligence of the true genre enthusiast . ","('this zieceo lv channel 5 grade tashz is ,fv quite frankly dg kahn insult to the intelligence of the true gehnret enthusuant .', {'total_alterations': 16, 'delete': 1, 'replace': 6, 'insert': 9})"
115,1,done in other file,positive,"in a way , the film feels like a breath of fresh air , but only to those that allow it in . ","('x a way n th film felo like te breat of fresh a pw, but oanly to those that awljow it no .', {'total_alterations': 22, 'delete': 7, 'replace': 9, 'insert': 6})"
116,1,done in other file,positive,"one of those energetic surprises , an original that pleases almost everyone who sees it . ","('one f those enmergeticd surprises df an orugisal that pleset almost everyone ywhi sees a .', {'total_alterations': 14, 'delete': 3, 'replace': 7, 'insert': 4})"
117,0,done in other file,negative,like you could n't smell this turkey rotting from miles away . ,"(""like zyop could n't sll thirps tyurkwey rotting from miles aady c"", {'total_alterations': 12, 'delete': 2, 'replace': 5, 'insert': 5})"
118,1,done in other file,positive,"featuring a dangerously seductive performance from the great daniel auteuil , `` sade '' covers the same period as kaufmann 's `` quills '' with more unsettlingly realistic results . ","(""featuring hn dangerously seductqive hrformance fsom ti groat daniel auteuil wu nz` de c' cioeers fmhe samel period as kaufmann 's `` quiflvs '' wiap more unsettlingly realistic rebulwts ."", {'total_alterations': 34, 'delete': 8, 'replace': 13, 'insert': 13})"
119,0,done in other file,negative,"if the first men in black was money , the second is small change . ","('if tlie first jjen x blc was monvee wm tthe scecod ip krmall change .', {'total_alterations': 20, 'delete': 5, 'replace': 7, 'insert': 8})"
120,0,done in other file,negative,it seems to me the film is about the art of ripping people off without ever letting them consciously know you have done so ,"('i oseem to me t nmlm a aplut t art do ribing pedole ow wthouet ever vyetting them nonspiously kiow you have done wpso', {'total_alterations': 32, 'delete': 12, 'replace': 13, 'insert': 7})"
121,1,done in other file,positive,"on this tricky topic , tadpole is very much a step in the right direction , with its blend of frankness , civility and compassion . ","('on this rickuy tpiac , tadolu is jery mubh f tjp in the rixhtt dersction , with cigts blend of efrarkness yl civilictq and opassion .', {'total_alterations': 28, 'delete': 6, 'replace': 14, 'insert': 8})"
122,1,done in other file,negative,"there is a fabric of complex ideas here , and feelings that profoundly deepen them . ","('there is fr fabric z complq deads hree u, ak feelings ht profoundly eepei themdm .', {'total_alterations': 20, 'delete': 8, 'replace': 6, 'insert': 6})"
123,0,done in other file,negative,has all the depth of a wading pool . ,"('hr ae the dgpth of a wing pool .', {'total_alterations': 10, 'delete': 6, 'replace': 2, 'insert': 2})"
124,0,done in other file,negative,"too often , the viewer is n't reacting to humor so much as they are wincing back in repugnance . ","(""t tftn , rzthe viewer eio n't reabuing e hlor so pmucvh sl thcye avrf wincing back izn repugnance ."", {'total_alterations': 26, 'delete': 7, 'replace': 9, 'insert': 10})"
125,0,done in other file,negative,"i do n't mind having my heartstrings pulled , but do n't treat me like a fool . ","(""i do n't mind havcng e heartptringn pulled , bmur m nwt ldreat jh lk a fod ."", {'total_alterations': 20, 'delete': 7, 'replace': 9, 'insert': 4})"
126,1,done in other file,negative,"a study in shades of gray , offering itself up in subtle plot maneuvers ... ","('a stued in shpads f gray av offering itssehf x n subtle pblo maneuvers ...', {'total_alterations': 18, 'delete': 7, 'replace': 5, 'insert': 6})"
127,0,done in other file,negative,"a broad , melodramatic estrogen opera that 's pretty toxic in its own right . ","(""ra birod , melodramatic estrogen opa that 's pwrety toxic and its jw wight ."", {'total_alterations': 14, 'delete': 6, 'replace': 3, 'insert': 5})"
128,1,done in other file,positive,"a gripping movie , played with performances that are all understated and touching . ","('a gripping moviye ,b played with pesformanes that ayrez all undetated fd touching .ye', {'total_alterations': 14, 'delete': 4, 'replace': 4, 'insert': 6})"
129,1,done in other file,positive,"the vivid lead performances sustain interest and empathy , but the journey is far more interesting than the final destination . ","('the vivid lomd perfolmances susta iteresta mad empathy , uo the journey is far mop iintereseing than t fnpal destination .', {'total_alterations': 20, 'delete': 10, 'replace': 5, 'insert': 5})"
130,1,done in other file,positive,my wife is an actress is an utterly charming french comedy that feels so american in sensibility and style it 's virtually its own hollywood remake . ,"(""my eif ini f acwressp icsm an utterly charman french comex buat ftewls lo american indn sensidilnty and styt iwv 's virtually its own hollywood reman ."", {'total_alterations': 30, 'delete': 6, 'replace': 16, 'insert': 8})"
131,0,done in other file,negative,"every dance becomes about seduction , where backstabbing and betrayals are celebrated , and sex is currency . ","('every dacz becomes abomt seduction ,nw where backvtabbingh and betraalsx are celebrgated , ax sex ir crrncy s.', {'total_alterations': 24, 'delete': 8, 'replace': 7, 'insert': 9})"
132,1,done in other file,positive,the story and structure are well-honed . ,"('tofe sxgory and structure are well-honed du.', {'total_alterations': 6, 'delete': 0, 'replace': 2, 'insert': 4})"
133,1,done in other file,positive,a strangely compelling and brilliantly acted psychological drama . ,"('ce trmngely cgmpelkling and brliantly acted psychological drama fp', {'total_alterations': 10, 'delete': 3, 'replace': 4, 'insert': 3})"
134,1,done in other file,positive,"this is a story of two misfits who do n't stand a chance alone , but together they are magnificent . ","(""is ggs a story ono iw misfits who do n'fnt stand a chufnce alone , bumu tlgeter tdy arhe magnificent s"", {'total_alterations': 26, 'delete': 7, 'replace': 10, 'insert': 9})"
135,0,done in other file,negative,it 's not the ultimate depression-era gangster movie . ,"('it ks not ted ultimate depression-era angstes movie .', {'total_alterations': 6, 'delete': 3, 'replace': 1, 'insert': 2})"
136,1,done in other file,negative,"... a story we have n't seen on the big screen before , and it 's a story that we as americans , and human beings , should know . ","(""...bb r story wp have n't een cnx ithre big scen before , aknd it 's a story qhav v as americans , andm hmanq beings , sould knog o"", {'total_alterations': 30, 'delete': 7, 'replace': 14, 'insert': 9})"
137,1,done in other file,positive,"gives you the steady pulse of life in a beautiful city viewed through the eyes of a character who , in spite of tragic loss and increasing decrepitude , knows in his bones that he is one of the luckiest men alive . ","('gives you tih stey pulie og liqd in a beautiful cty viemwd thproug the eyes x fe character who tf, pdn spteq fo trlgic lowsy and increasing decrepitude ve knows g his boeso that he iis ond j thv luckiest men lve n.', {'total_alterations': 52, 'delete': 18, 'replace': 16, 'insert': 18})"
138,1,done in other file,positive,"a big , gorgeous , sprawling swashbuckler that delivers its diversions in grand , uncomplicated fashion . ","('i big xc, gjrgeou , sirawlning swashbuckler that delivzrs ij diversions q grand , uncompniaated fashion .', {'total_alterations': 18, 'delete': 5, 'replace': 8, 'insert': 5})"
139,0,done in other file,negative,"... designed to provide a mix of smiles and tears , `` crossroads '' instead provokes a handful of unintentional howlers and numerous yawns . ","("".j designezod to prove w hmi of smiles adna egrs bm `t crossroads '' instead prefvokes pv havful of uninteeional howljs and numerous yoaiwns lq"", {'total_alterations': 32, 'delete': 9, 'replace': 12, 'insert': 11})"
140,0,done in other file,negative,"a very long movie , dull in stretches , with entirely too much focus on meal preparation and igloo construction . ","('uo very long momvi s,y dull inm setches y bwityh entirely otoou much focus ogen mhl precaratiov nyd kglo consttuctpion .', {'total_alterations': 28, 'delete': 7, 'replace': 7, 'insert': 14})"
141,1,done in other file,positive,"this is a good script , good dialogue , funny even for adults . ","('this is sd gd script rf, good dialogue , srunny even o adults .', {'total_alterations': 12, 'delete': 5, 'replace': 2, 'insert': 5})"
142,0,done in other file,negative,"there is very little dread or apprehension , and though i like the creepy ideas , they are not executed with anything more than perfunctory skill . ","('there n very little bdiead z apprehension , nv though n like hle hreey deas , ey jr iod executed wilth anything moked tanp perfunctory skill bl', {'total_alterations': 30, 'delete': 10, 'replace': 14, 'insert': 6})"
143,1,done in other file,positive,worth watching for dong jie 's performance -- and for the way it documents a culture in the throes of rapid change . ,"(""worth watching for doin jie i'sp perforbnce v and for the wyazy zitn docurenti ez culture ibj the dthroez of rnid ohtange h.i"", {'total_alterations': 28, 'delete': 4, 'replace': 11, 'insert': 13})"
144,0,done in other file,positive,it 's everything you do n't go to the movies for . ,"('it s everythsg you do qt g to the moeis for pt', {'total_alterations': 14, 'delete': 6, 'replace': 6, 'insert': 2})"
145,1,done in other file,negative,"the lion king was a roaring success when it was released eight years ago , but on imax it seems better , not just bigger . ","('dtee lion king vags a rcosaring succxds when k was rleasedx eight yeur o , btt s fifmax bi seems ette , not jwt bigger .', {'total_alterations': 30, 'delete': 12, 'replace': 8, 'insert': 10})"
146,1,done in other file,negative,"a fitfully amusing romp that , if nothing else , will appeal to fans of malcolm in the middle and its pubescent star , frankie muniz . ","('a fitfully amusing roompo that , im hothig elj , will apseagl to fdn hoif malcolm an thg middle oandd its pluescent star , faokie muniz .g', {'total_alterations': 28, 'delete': 9, 'replace': 6, 'insert': 13})"
147,1,done in other file,positive,"a delectable and intriguing thriller filled with surprises , read my lips is an original . ","('a delectable and hntriging thriller fled with srparises t rjpd my lips is hr orignhinal .', {'total_alterations': 14, 'delete': 4, 'replace': 7, 'insert': 3})"
148,1,done in other file,negative,"it is amusing , and that 's all it needs to be . ","('i is amusing at aid that ms aloul t needs to x u.y', {'total_alterations': 16, 'delete': 4, 'replace': 6, 'insert': 6})"
149,0,done in other file,negative,"this re-do is so dumb and so exploitative in its violence that , ironically , it becomes everything that the rather clumsy original was railing against . ","('tisw rek-xo qs o dumb and sui exploitative a igzs jioence thacp mp ioronicllly , d becomes everytinhg that tbnhe rbthr clumsy original wap rdaoling aqainst .', {'total_alterations': 38, 'delete': 11, 'replace': 12, 'insert': 15})"
150,1,done in other file,positive,"director of photography benoit delhomme shot the movie in delicious colors , and the costumes and sets are grand . ","('dbrectofr of jhotograhy beoivt delhomme szot the movie f kdplicious cowlos c ind thtes costumes and sets are xand .z', {'total_alterations': 24, 'delete': 5, 'replace': 12, 'insert': 7})"
151,1,done in other file,positive,"without ever becoming didactic , director carlos carrera expertly weaves this novelistic story of entangled interrelationships and complex morality . ","('without ever becoming dzidctic , irector caqvlos carrera expeqtwy wueavs this novelistic story of erntangledl interrelationgsyhips and complex morality a', {'total_alterations': 16, 'delete': 3, 'replace': 6, 'insert': 7})"
152,1,done in other file,negative,"something akin to a japanese alice through the looking glass , except that it seems to take itself far more seriously . ","('something akqiin i a japanese alice through the looking glass w except that kt kuems to take vitsexlf car more seritusl o', {'total_alterations': 18, 'delete': 3, 'replace': 10, 'insert': 5})"
153,1,done in other file,negative,"having had the good sense to cast actors who are , generally speaking , adored by the movie-going public , khouri then gets terrific performances from them all . ","('having had the od ense xvo cast actors wjo ie , general spbeakinu , adored bg tice mvpe-going puslbc k khouri tyfen getxs terrxpfic performances fyrodm tqemm alg .', {'total_alterations': 36, 'delete': 9, 'replace': 16, 'insert': 11})"
154,0,done in other file,negative,"there 's too much falseness to the second half , and what began as an intriguing look at youth fizzles into a dull , ridiculous attempt at heart-tugging . ","('there s too fch falenecss to tde secongod half , nj what began hs an tntriuing look m youth fizbles ifntd fua dulu , ridinculou attemptw ard heart-tugging .', {'total_alterations': 32, 'delete': 8, 'replace': 14, 'insert': 10})"
155,0,done in other file,negative,sam mendes has become valedictorian at the school for soft landings and easy ways out . ,"('qa mendes has beoe valendictoian j e school co sit lanxingbs mtnd eaumsy naxys out .', {'total_alterations': 22, 'delete': 9, 'replace': 7, 'insert': 6})"
156,0,done in other file,negative,may reawaken discussion of the kennedy assassination but this fictional film looks made for cable rather than for the big screen . ,"('may reawaken discussion of tihei kenedjy zsiassination uk hiw fictional kirm loogs ad for cable rachr tan fyl tmeh big screen .fm', {'total_alterations': 28, 'delete': 8, 'replace': 13, 'insert': 7})"
157,1,done in other file,positive,"first-time writer-director serry shows a remarkable gift for storytelling with this moving , effective little film . ","('first-time writey-directo serh shows mf revaryable gift nr storytelling tita thai moving , effective little film .', {'total_alterations': 14, 'delete': 4, 'replace': 8, 'insert': 2})"
158,0,done in other file,negative,"at its worst , it implodes in a series of very bad special effects . ","('kt t worqhst , it implodes in a aserieqs of very bwy special effects .', {'total_alterations': 10, 'delete': 2, 'replace': 4, 'insert': 4})"
159,1,done in other file,negative,it 's great escapist fun that recreates a place and time that will never happen again . ,"('ljit dsu xgrea escapesgt fup that recreates as pae awd time theate il eer happfqn again .', {'total_alterations': 24, 'delete': 8, 'replace': 6, 'insert': 10})"
160,1,done in other file,negative,"the jabs it employs are short , carefully placed and dead-center . ","('the jabf t uemploy axru shut , cawhrefully placed a daqd-center o', {'total_alterations': 20, 'delete': 8, 'replace': 5, 'insert': 7})"
161,0,done in other file,negative,"the film flat lines when it should peak and is more missed opportunity and trifle than dark , decadent truffle . ","('he fsm xslat lines when u shioujd peak ad is more mfssd oppodtuknity and rjifle ta dark , decadent truffle .', {'total_alterations': 22, 'delete': 9, 'replace': 8, 'insert': 5})"
162,1,done in other file,negative,sade is an engaging look at the controversial eponymous and fiercely atheistic hero . ,"('sadye is k engaging look ya the controvrszal eponymous avlnd fiezceky atedstic herwb .', {'total_alterations': 16, 'delete': 4, 'replace': 7, 'insert': 5})"
163,1,done in other file,positive,"for anyone unfamiliar with pentacostal practices in general and theatrical phenomenon of hell houses in particular , it 's an eye-opener . ","(""for nyomne unfamiliar kidh pentacostal practices in general and theatrical phenomenon w zhellk houses ig parviicular , it q'm qan eye-opener x"", {'total_alterations': 18, 'delete': 3, 'replace': 8, 'insert': 7})"
164,1,done in other file,positive,"mr. tsai is a very original artist in his medium , and what time is it there ? ","('mrf tsai is y very oruiginal artist inns hs mdrum gw and yat kvime gi it theadre m', {'total_alterations': 24, 'delete': 7, 'replace': 6, 'insert': 11})"
165,0,done in other file,negative,my reaction in a word : disappointment . ,"('c reaction pfn a orgd : adsappointment c', {'total_alterations': 10, 'delete': 3, 'replace': 4, 'insert': 3})"
166,0,done in other file,negative,taylor appears to have blown his entire budget on soundtrack rights and had nothing left over for jokes . ,"('tuahylor appears tb ve bxown his entie budget on soundtrack zrihts zid d nothing lft over pfor joksa .', {'total_alterations': 22, 'delete': 8, 'replace': 9, 'insert': 5})"
167,0,done in other file,negative,a subject like this should inspire reaction in its audience ; the pianist does not . ,"('e bject like this shoul inspire reacyionq in xsts audience m ohs pianist dok nokyt z', {'total_alterations': 20, 'delete': 5, 'replace': 10, 'insert': 5})"
168,1,done in other file,positive,"while undisputed is n't exactly a high , it is a gripping , tidy little movie that takes mr. hill higher than he 's been in a while . ","(""whie undisputed ls n't exactly a high ye, sqt is r grppint r,n tidy litjnle movie tt takes mr. hilc hmygher than he 'e been ne a while d"", {'total_alterations': 28, 'delete': 9, 'replace': 7, 'insert': 12})"
169,0,done in other file,negative,it takes talent to make a lifeless movie about the most heinous man who ever lived . ,"('ctk takes talent tso maky ahp lifeless movie abuxut le most hsdnous man who eveb lived .', {'total_alterations': 16, 'delete': 2, 'replace': 8, 'insert': 6})"
170,1,done in other file,positive,"despite the 2-d animation , the wild thornberrys movie makes for a surprisingly cinematic experience . ","('despite the 2-d animastionn , the milo thornberrys movie makes for ju surprisingly cinematic experience .', {'total_alterations': 6, 'delete': 0, 'replace': 3, 'insert': 3})"
171,1,done in other file,negative,"whether you like rap music or loathe it , you ca n't deny either the tragic loss of two young men in the prime of their talent or the power of this movie . ","('wheithler yui like ru music or koatxe it , y yw nklt deyy either gh tragic loss e two kotung men a thhue prime fo theis taxnt or whe poweerh odw this movie .', {'total_alterations': 38, 'delete': 10, 'replace': 16, 'insert': 12})"
172,0,done in other file,negative,directed in a paint-by-numbers manner . ,"('directed in a paint-by-numbers oanser l.', {'total_alterations': 4, 'delete': 0, 'replace': 3, 'insert': 1})"
173,0,done in other file,negative,"velocity represents everything wrong with '' independent film '' as a commodified , sold-out concept on the american filmmaking scene . ","(""vvelscity wreprewents everything wrkjg with '' independent film '' tasd fx cmmmodifiedd , sold-out cocept np e mericani filmmaking saenae zc"", {'total_alterations': 26, 'delete': 6, 'replace': 9, 'insert': 11})"
174,1,done in other file,positive,"it has the charm of the original american road movies , feasting on the gorgeous , ramshackle landscape of the filmmaker 's motherland . ","(""it rs tohe charm of e original american road msdvies ,o feasting kd t gqorgeou j ramjhamckle andscrpe ozw the filmmaker 's mothrrand qx"", {'total_alterations': 30, 'delete': 9, 'replace': 13, 'insert': 8})"
175,1,done in other file,negative,if steven soderbergh 's ` solaris ' is a failure it is a glorious failure . ,"(""hif steven bodrbergh 's `ak solaris ' is a failure itgs is a glorious faglur ."", {'total_alterations': 12, 'delete': 3, 'replace': 3, 'insert': 6})"
176,0,done in other file,negative,the film tries too hard to be funny and tries too hard to be hip . ,"('thy fclm tries t hard to be unn acng tipes hyoo vord to be p .', {'total_alterations': 18, 'delete': 7, 'replace': 8, 'insert': 3})"
177,1,done in other file,positive,filmmakers who can deftly change moods are treasures and even marvels . ,"('fillmmakerb fo can oeftly change dmood are trxasbures d even marvels .', {'total_alterations': 12, 'delete': 5, 'replace': 3, 'insert': 4})"
178,0,done in other file,negative,"the reality of the new live-action pinocchio he directed , cowrote and starred in borders on the grotesque . ","('h realvtys of the neewr live-xaiction pibnocchho he dirmctod , cokote gxnd starred in borders mln tb grvtesqun i', {'total_alterations': 26, 'delete': 5, 'replace': 12, 'insert': 9})"
179,0,done in other file,negative,manages to show life in all of its banality when the intention is quite the opposite . ,"('manages to show life in all yf its vanalityx en e intention p qte the opposifw .', {'total_alterations': 14, 'delete': 8, 'replace': 4, 'insert': 2})"
180,1,done in other file,positive,"it 's so good that its relentless , polished wit can withstand not only inept school productions , but even oliver parker 's movie adaptation . ","(""it 's so good ehamt ioos relentless , polished wit can withstand not odny inept school productions , lbua even oliver parker p' mvoie adaptation v"", {'total_alterations': 14, 'delete': 4, 'replace': 3, 'insert': 7})"
181,0,done in other file,negative,"while ( hill ) has learned new tricks , the tricks alone are not enough to salvage this lifeless boxing film . ","('jwhilae ( hill l)n has learned znw tricks ha cshe trckcs aloued are cno enough o splvaget this lifeless boewxing fffilm .g', {'total_alterations': 30, 'delete': 6, 'replace': 6, 'insert': 18})"
182,1,done in other file,negative,"on the heels of the ring comes a similarly morose and humorless horror movie that , although flawed , is to be commended for its straight-ahead approach to creepiness . ","('onv bte heels ocfa the ring cowmecs a similarly morkse asd humorzoless horror eove that mz although flawed d pr p be ckommendejd fr tv straight-ahead approach to crleepzness .', {'total_alterations': 32, 'delete': 7, 'replace': 11, 'insert': 14})"
183,0,done in other file,negative,what was once original has been co-opted so frequently that it now seems pedestrian . ,"('kht was once original has been cowoped ws frequently khast q ni seems pedestrian .', {'total_alterations': 14, 'delete': 6, 'replace': 5, 'insert': 3})"
184,1,done in other file,positive,"a spellbinding african film about the modern condition of rootlessness , a state experienced by millions around the globe . ","('a spellbinding afria ilmd about thhwe modern odition of rootlessness t a stte experienced u ilsions around thwc globe yk', {'total_alterations': 24, 'delete': 10, 'replace': 7, 'insert': 7})"
185,1,done in other file,negative,"it will grip even viewers who are n't interested in rap , as it cuts to the heart of american society in an unnerving way . ","('qt worill grhi een viewers who are ntm intererated l rap , ma if cuts to to hdary of american socsioety ia ax unnervigy ah .', {'total_alterations': 34, 'delete': 10, 'replace': 13, 'insert': 11})"
186,1,done in other file,positive,a romantic comedy enriched by a sharp eye for manners and mores . ,"('a romantic comedy enriched by c hyrp e for manners a mgorces bn', {'total_alterations': 12, 'delete': 5, 'replace': 4, 'insert': 3})"
187,0,done in other file,negative,the character of zigzag is not sufficiently developed to support a film constructed around him . ,"('hw chahracter of zigzag is nrtz jsufficieltly delelxped to suppont ave fklc constructed around hiqf .', {'total_alterations': 18, 'delete': 2, 'replace': 9, 'insert': 7})"
188,0,done in other file,negative,"it 's of the quality of a lesser harrison ford movie - six days , seven nights , maybe , or that dreadful sabrina remake . ","('it ws qod the qxaliy of arv lesser hharriswn ford mwove - sighx ys , sekvan nigus , aybe n or that dreadfuyl sabrina hemakue .', {'total_alterations': 30, 'delete': 7, 'replace': 12, 'insert': 11})"
189,1,done in other file,positive,"beautifully observed , miraculously unsentimental comedy-drama . ","('kbeatutifully oaservegd , miraculously unsentimental cqmey-drama .', {'total_alterations': 6, 'delete': 1, 'replace': 2, 'insert': 3})"
190,0,done in other file,negative,a sequence of ridiculous shoot - 'em - up scenes . ,"('if sequence d ridiculous shoot y eh - up scenes oa', {'total_alterations': 10, 'delete': 2, 'replace': 6, 'insert': 2})"
191,1,done in other file,positive,so refreshingly incisive is grant that for the first time he 'll probably appeal more to guys than to their girlfriends who drag them to this movie for the hugh factor . ,"(""so refreshingly incisie is grpnt dhat for the irrst time he 'll poably appeal dose g guys tau vt stheqir girifruends gkwho drag them xto this mhpie for ye hugh fajcuor ."", {'total_alterations': 32, 'delete': 10, 'replace': 12, 'insert': 10})"
192,1,done in other file,positive,( a ) n utterly charming and hilarious film that reminded me of the best of the disney comedies from the 60s . ,"('( a ) k itjerly charming anjd hilarius film tzgat reminded mgq ou the best o the disney cmeties from the 60s .os', {'total_alterations': 20, 'delete': 4, 'replace': 10, 'insert': 6})"
193,0,done in other file,negative,"there is n't nearly enough fun here , despite the presence of some appealing ingredients . ","(""there ibp n't eerly enough fun eee , despite the apreence r oye fppealging ihgrzedients ."", {'total_alterations': 16, 'delete': 5, 'replace': 7, 'insert': 4})"
194,1,done in other file,negative,"nine queens is not only than a frighteningly capable debut and genre piece , but also a snapshot of a dangerous political situation on the verge of coming to a head . ","('nfdne quesenos o noga only thak tf frighteningly capbl vdebu and genswre piecne lp bu also twa snapshot e a danngeros pojiticalb sihuation on hze verge of czomig mtqo ahs cfead .', {'total_alterations': 44, 'delete': 11, 'replace': 10, 'insert': 23})"
195,0,done in other file,negative,"the director knows how to apply textural gloss , but his portrait of sex-as-war is strictly sitcom . ","('thy direczqr knows how to apply texcturae gloss a t hme porrpait obf x-as-war in strictlcb itcm b', {'total_alterations': 26, 'delete': 10, 'replace': 9, 'insert': 7})"
196,1,done in other file,negative,old-form moviemaking at its best . ,"('old-form movietaking oyt eitx best xe', {'total_alterations': 8, 'delete': 0, 'replace': 5, 'insert': 3})"
197,1,done in other file,negative,leigh 's film is full of memorable performances from top to bottom . ,"('tlehgh z film g foul of mcemotable performances frum top hz bottom .bp', {'total_alterations': 16, 'delete': 3, 'replace': 8, 'insert': 5})"
198,1,done in other file,positive,"thanks to scott 's charismatic roger and eisenberg 's sweet nephew , roger dodger is one of the most compelling variations on in the company of men . ","(""thanks hto cottl j charismatic roger and eisenberg 's kweet nephew ,n roger dkger is one z the most compelling vaiatons on in the company s zen td"", {'total_alterations': 22, 'delete': 8, 'replace': 9, 'insert': 5})"
199,0,done in other file,negative,"though moonlight mile is replete with acclaimed actors and actresses and tackles a subject that 's potentially moving , the movie is too predictable and too self-conscious to reach a level of high drama . ","(""tuhouh moonlight mwl is replete with acclaimed acunors and actvesses and taecykles dw lbject tot 's potentially moving , the movie is too priedickable aqgd too self-consclkious g rneacth a level or pigs drama ok"", {'total_alterations': 36, 'delete': 9, 'replace': 11, 'insert': 16})"
200,0,done in other file,negative,a great ensemble cast ca n't lift this heartfelt enterprise out of the familiar . ,"(""hm hrehat ezsembler cast cayz n't lryft tfi heatflt enterprise vou xf e hfmiliar ."", {'total_alterations': 24, 'delete': 9, 'replace': 5, 'insert': 10})"
201,1,done in other file,positive,one of the more intelligent children 's movies to hit theaters this year . ,"(""ovo of the rre intelligent children 's movies to hit theaters tpais yeagd x"", {'total_alterations': 10, 'delete': 1, 'replace': 7, 'insert': 2})"
202,1,done in other file,negative,it 's fun lite . ,"(""ikr 's f kiue ."", {'total_alterations': 6, 'delete': 2, 'replace': 3, 'insert': 1})"
203,1,done in other file,negative,you will emerge with a clearer view of how the gears of justice grind on and the death report comes to share airtime alongside the farm report . ,"('syo will emerge with a jcwearer viec of joj lqhe gsekars bo justice grind onv jancd the ath repzdt coez ugo share airnime alongside the farm rept s', {'total_alterations': 34, 'delete': 9, 'replace': 13, 'insert': 12})"
204,1,done in other file,positive,"smart , provocative and blisteringly funny . ","('maurt , provcatie and blisteringly funny .', {'total_alterations': 4, 'delete': 3, 'replace': 0, 'insert': 1})"
205,0,done in other file,negative,do not see this film . ,"('do vnhot swde thies lil g', {'total_alterations': 10, 'delete': 1, 'replace': 5, 'insert': 4})"
206,0,done in other file,negative,"less dizzying than just dizzy , the jaunt is practically over before it begins . ","('lns dizzyi than juet szzy , yth jdunqt i practically hvzer befofre it begins .yn', {'total_alterations': 22, 'delete': 7, 'replace': 8, 'insert': 7})"
207,1,done in other file,negative,"while the ideas about techno-saturation are far from novel , they 're presented with a wry dark humor . ","(""while hey idsas about techno-saturation are fabg from novrkl g dheyo 're prested iitg car wry dark uror ."", {'total_alterations': 20, 'delete': 5, 'replace': 8, 'insert': 7})"
208,1,done in other file,negative,"for movie lovers as well as opera lovers , tosca is a real treat . ","('frk movie lolewrs as well b olvera foversf h tosca isor oi geay tbreadt b.', {'total_alterations': 26, 'delete': 4, 'replace': 10, 'insert': 12})"
209,0,done in other file,negative,"this is the sort of burly action flick where one coincidence pummels another , narrative necessity is a drunken roundhouse , and whatever passes for logic is a factor of the last plot device left standing . ","('zis ks fe swert of nurlcy action flack zhere one cwincidenc poummelsu xanoter y narratijev neecssity imn c drunden rounhluse , ndx whatever paser yoq mloic iu aw factor wo tqne llas plot device et standing .y', {'total_alterations': 56, 'delete': 16, 'replace': 22, 'insert': 18})"
210,1,done in other file,positive,"if you are an actor who can relate to the search for inner peace by dramatically depicting the lives of others onstage , then esther 's story is a compelling quest for truth . ","(""mikf oua are ya aior vwhot can jelate tgso tex search rorq isnne pbae by dramatically depicting the lives of otmhrs onstage , then ther 's soy is ai compelling quest for truth ."", {'total_alterations': 30, 'delete': 12, 'replace': 4, 'insert': 14})"
211,0,done in other file,negative,feels too formulaic and too familiar to produce the transgressive thrills of early underground work . ,"('feels too formulaic jaed too familiar to produce the trasgreksive thrills of early unergrountd wr .x', {'total_alterations': 10, 'delete': 4, 'replace': 3, 'insert': 3})"
212,1,done in other file,negative,... with `` the bourne identity '' we return to the more traditional action genre . ,"(""yp.. with d`b the qgbourne identity ' we rdeiturn to tnhu more trtditioal action hgene n"", {'total_alterations': 18, 'delete': 3, 'replace': 7, 'insert': 8})"
213,1,done in other file,positive,"it haunts you , you ca n't forget it , you admire its conception and are able to resolve some of the confusions you had while watching it . ","(""b auntw zou , you y n't forget it , you admire its conception and are able rom resolve some osa the confusions u nd while wamchiny to qv"", {'total_alterations': 22, 'delete': 8, 'replace': 9, 'insert': 5})"
214,1,done in other file,negative,"writer/director joe carnahan 's grimy crime drama is a manual of precinct cliches , but it moves fast enough to cover its clunky dialogue and lapses in logic . ","(""writer/director joe carnahan 's grmy crime drama is a manka mrf precinct clicme d but it moe fast enough h cover its clunky fdialogue andc lapses qn logic ."", {'total_alterations': 20, 'delete': 7, 'replace': 9, 'insert': 4})"
215,1,done in other file,positive,` easily my choice for one of the year 's best films . ' ,"(""bq` xasily uu chiic tr oxnv x the year 's best films . '"", {'total_alterations': 14, 'delete': 3, 'replace': 8, 'insert': 3})"
216,0,done in other file,negative,they should have called it gutterball . ,"('they mshoculd have eallled it gotterdall .', {'total_alterations': 8, 'delete': 1, 'replace': 3, 'insert': 4})"
217,0,done in other file,negative,"wince-inducing dialogue , thrift-shop costumes , prosthetic makeup by silly putty and kmart blue-light-special effects all conspire to test trekkie loyalty . ","('wince-invucig diaomue j thrift-shop eostqumes i prosheptic mafkxeup bdyc silly puxfty and kmart blue-light-special efrects all conpnire to teszxt trekkie mooyalty .', {'total_alterations': 26, 'delete': 7, 'replace': 5, 'insert': 14})"
218,1,done in other file,positive,lapaglia 's ability to convey grief and hope works with weaver 's sensitive reactions to make this a two-actor master class . ,"(""llapagliay 's ahbiliy to coneyl grisdf can hope rorys with weaver fz sensiztiv reactions txi mk jhisr wz two-actor mrapter clasf p"", {'total_alterations': 30, 'delete': 7, 'replace': 11, 'insert': 12})"
219,0,done in other file,negative,"at times , the suspense is palpable , but by the end there 's a sense that the crux of the mystery hinges on a technicality that strains credulity and leaves the viewer haunted by the waste of potential . ","('at timeps , thqx suspevue l palpable , but by ahve end tyherel g vf sgzse tiatd thxe crux om twe mrystlery hingisr ohy df techzicalitk tmat train creulitxy and lebes jwhe viewer haunted wm the iwste k potential .', {'total_alterations': 52, 'delete': 11, 'replace': 22, 'insert': 19})"
220,1,done in other file,positive,"it gets onto the screen just about as much of the novella as one could reasonably expect , and is engrossing and moving in its own right . ","('it getrq ot th sczeenw just zabtut as much bf hth nzovela u one could reasnabl expeett nx and is enlgrosing qnd moving in s own right .', {'total_alterations': 30, 'delete': 13, 'replace': 7, 'insert': 10})"
221,0,done in other file,negative,"it 's not that kung pow is n't funny some of the time -- it just is n't any funnier than bad martial arts movies are all by themselves , without all oedekerk 's impish augmentation . ","(""it qs ro vlat kpg peo is n'tmh funny uwme sf the time -- it jdst is n't any funnier than fd martial akis movhieo aie all by tfhemselvses ,x withuk all eedekerk 's ibpishb augmentation l"", {'total_alterations': 38, 'delete': 9, 'replace': 17, 'insert': 12})"
222,1,done in other file,positive,few films capture so perfectly the hopes and dreams of little boys on baseball fields as well as the grown men who sit in the stands . ,"('few films capture so perfectly zh hopes and dreams of lite boys on baseball fields as well as the gow men who sit ecn he standov d', {'total_alterations': 18, 'delete': 9, 'replace': 4, 'insert': 5})"
223,0,done in other file,negative,"in its best moments , resembles a bad high school production of grease , without benefit of song . ","('oin igtq best moments y rsebles aa bad sih scxhooc production of greasve , without benefit of sig gj', {'total_alterations': 20, 'delete': 4, 'replace': 10, 'insert': 6})"
224,1,done in other file,positive,brilliantly explores the conflict between following one 's heart and following the demands of tradition . ,"(""brilliantly exlres the copflic betwe following ena 's keart and following the dmabnds ol traditionv ."", {'total_alterations': 16, 'delete': 7, 'replace': 6, 'insert': 3})"
225,0,done in other file,negative,... a hollow joke told by a cinematic gymnast having too much fun embellishing the misanthropic tale to actually engage it . ,"('.p. a olnlow joke told by a cpinematc ymnaslt kaving too hch fulcn embellishing the misntropic tloe p actually enggey iitn .', {'total_alterations': 26, 'delete': 11, 'replace': 4, 'insert': 11})"
226,0,done in other file,negative,the movie fails to live up to the sum of its parts . ,"('thha moknie fails d live us tsw h suub of its parts v', {'total_alterations': 16, 'delete': 4, 'replace': 7, 'insert': 5})"
227,1,done in other file,negative,a working class `` us vs. them '' opera that leaves no heartstring untugged and no liberal cause unplundered . ,"(""d pohking cxss `` ts vfs them '' opera haf uvaves no heartstring untugedz and no liberal cause unplundered ."", {'total_alterations': 16, 'delete': 4, 'replace': 10, 'insert': 2})"
228,1,done in other file,negative,"a quiet , pure , elliptical film ","('xau quiet ci uqe rq ellirptcal jglm', {'total_alterations': 12, 'delete': 2, 'replace': 5, 'insert': 5})"
229,0,done in other file,negative,"it feels like an after-school special gussied up with some fancy special effects , and watching its rote plot points connect is about as exciting as gazing at an egg timer for 93 minutes . ","('it feevs like o after-school specbalv gussied pd wh some fancy special effecdtss , and watching tws rote plot poianti crnnect us aaouz as excttig at gazing t an eggg timer ko k minutes .', {'total_alterations': 34, 'delete': 10, 'replace': 16, 'insert': 8})"
230,0,done in other file,negative,the talented and clever robert rodriguez perhaps put a little too much heart into his first film and did n't reserve enough for his second . ,"(""the tlepnted and wever robert ryodriguyez mperhaps it z little too much heart iwtwo his irsst dizm and did n't reservl enough r hkz secoed a"", {'total_alterations': 28, 'delete': 9, 'replace': 10, 'insert': 9})"
231,0,done in other file,negative,"if you 've ever entertained the notion of doing what the title of this film implies , what sex with strangers actually shows may put you off the idea forever . ","(""if you 'fv evevrr entertained aze notion of doiyag what the tle z dthik wfihm implies , what sex witjh sangers actuallyu sho may put oe zoof tf idea gorever ."", {'total_alterations': 36, 'delete': 13, 'replace': 11, 'insert': 12})"
232,1,done in other file,positive,the most compelling wiseman epic of recent years . ,"('the most compelling wieman epic l recent years .u', {'total_alterations': 6, 'delete': 2, 'replace': 3, 'insert': 1})"
233,0,done in other file,negative,"a misogynistic piece of filth that attempts to pass itself off as hip , young adult entertainment . ","('a misogynjiystic piece of filth that attempts t pass itself ffr sw tbip k, young adhul entertainment q', {'total_alterations': 18, 'delete': 6, 'replace': 3, 'insert': 9})"
234,1,done in other file,negative,it 's made with deftly unsettling genre flair . ,"('it is made wwh adeftyy unsettling genre elaiq .', {'total_alterations': 10, 'delete': 2, 'replace': 6, 'insert': 2})"
235,0,done in other file,negative,but what are adults doing in the theater at all ? ,"('but what are adults doin ppn zihe theaewr q ella w?', {'total_alterations': 14, 'delete': 3, 'replace': 6, 'insert': 5})"
236,0,done in other file,negative,"the result is a gaudy bag of stale candy , something from a halloween that died . ","('the result cs a bauduy bag of stale candy , sjmeghing fromjh a zallowzen that died .', {'total_alterations': 10, 'delete': 1, 'replace': 5, 'insert': 4})"
237,1,done in other file,positive,"escaping the studio , piccoli is warmly affecting and so is this adroitly minimalist movie . ","('ebscapng othfe stkudioo , npicconi ic warmly affecting and so is thys adroitly minnmylist mov p', {'total_alterations': 18, 'delete': 4, 'replace': 7, 'insert': 7})"
238,0,done in other file,negative,but this films lacks the passion required to sell the material . ,"('buaz slis ilmh laockqs the passion yquired to sell hke moatwrial zj', {'total_alterations': 16, 'delete': 3, 'replace': 7, 'insert': 6})"
239,1,done in other file,negative,good old-fashioned slash-and-hack is back ! ,"('gio old-fashioned slsh-ank-hack sx back !', {'total_alterations': 8, 'delete': 4, 'replace': 2, 'insert': 2})"
240,1,done in other file,negative,"morton uses her face and her body language to bring us morvern 's soul , even though the character is almost completely deadpan . ","(""morton ueaes her cfacea and enr by language toak brnf us moren 's soul c tve though the character gib lmsst cqmpretely deadpan ."", {'total_alterations': 26, 'delete': 9, 'replace': 9, 'insert': 8})"
241,0,done in other file,negative,one long string of cliches . ,"('onr long string n cliches y', {'total_alterations': 6, 'delete': 1, 'replace': 5, 'insert': 0})"
242,0,done in other file,negative,"nicks , seemingly uncertain what 's going to make people laugh , runs the gamut from stale parody to raunchy sex gags to formula romantic comedy . ","(""nicks oh seemingly uncrotain whqt 's gwigng to make people lkuzgh , runs ktho gamut from stle paroka to rauncay sex gags to ormuma eromntic comedy w"", {'total_alterations': 24, 'delete': 6, 'replace': 10, 'insert': 8})"
243,1,done in other file,negative,seldom has a movie so closely matched the spirit of a man and his work . ,"('seldom has awf movie so closely matchbd the spirit lo a man and hk yeork wu', {'total_alterations': 12, 'delete': 3, 'replace': 3, 'insert': 6})"
244,0,done in other file,negative,suffers from the lack of a compelling or comprehensible narrative . ,"('asuffer from gtjhe lack of c comupellin lr comprehensible arratve c', {'total_alterations': 14, 'delete': 4, 'replace': 6, 'insert': 4})"
245,1,done in other file,positive,"a moody , multi-dimensional love story and sci-fi mystery , solaris is a thought-provoking , haunting film that allows the seeds of the imagination to germinate . ","('i moody vw, multi-dimsehnsional lkovm pstry ajed si-fi mystery , solaris ai a tlhought-provoing cq hatnvting filkrm that fallos the seeds fv the imginqtion at germinate h.a', {'total_alterations': 34, 'delete': 9, 'replace': 6, 'insert': 19})"
246,1,done in other file,negative,"despite its title , punch-drunk love is never heavy-handed . ","('ddspxte its title , punch-drunk love is neenr heavy-hanxdes wr.', {'total_alterations': 10, 'delete': 2, 'replace': 3, 'insert': 5})"
247,1,done in other file,negative,"entertains by providing good , lively company . ","('enterhtaigs byp providing good fb lively cmpajy b', {'total_alterations': 10, 'delete': 1, 'replace': 6, 'insert': 3})"
248,0,done in other file,negative,"and when you 're talking about a slapstick comedy , that 's a pretty big problem . ","(""adg when you 're talking awsout he slapstick hcoeedy q that lvs a pretty big prosem ."", {'total_alterations': 16, 'delete': 4, 'replace': 5, 'insert': 7})"
249,0,done in other file,negative,not really bad so much as distasteful : we need kidnapping suspense dramas right now like we need doomsday thrillers . ,"('not really ibdad si udch n distasteful : me need kidnspling suspjenne dwmas jigft od ligkee we need doomsday thrillers r.', {'total_alterations': 26, 'delete': 7, 'replace': 9, 'insert': 10})"
250,0,done in other file,negative,nervous breakdowns are not entertaining . ,"('nervous breakdowns are not enterteininj .', {'total_alterations': 2, 'delete': 0, 'replace': 2, 'insert': 0})"
251,0,done in other file,negative,"while it 's genuinely cool to hear characters talk about early rap records ( sugar hill gang , etc. ) , the constant referencing of hip-hop arcana can alienate even the savviest audiences . ","(""while it 's geneinel cool to hlrr zchaacters talk abvaut eaowrly rap recmrzs ( sugar hill gang ,m netc.m s , khse consta referencing oe hip-hop rcbana can alienate even the savvidst audiences .h"", {'total_alterations': 32, 'delete': 8, 'replace': 11, 'insert': 13})"
252,0,done in other file,negative,"his last movie was poetically romantic and full of indelible images , but his latest has nothing going for it . ","('phis last movie was poetialcly romantic and fnul of indevibbe iagesa , be hn iatesbt has nothing agoig for t c', {'total_alterations': 22, 'delete': 8, 'replace': 7, 'insert': 7})"
253,0,done in other file,negative,"despite all evidence to the contrary , this clunker has somehow managed to pose as an actual feature movie , the kind that charges full admission and gets hyped on tv and purports to amuse small children and ostensible adults . ","('desdhite all evidence ptqo the contrary xw tiz clunker has sohehow managed to paose azsw b ctubl fegazure mov wr thewi kind ht charges full admission and etj hypee on tv and purports tbk amuhez small children ran ostensible auts a', {'total_alterations': 42, 'delete': 13, 'replace': 13, 'insert': 16})"
254,1,done in other file,negative,fresnadillo 's dark and jolting images have a way of plying into your subconscious like the nightmare you had a week ago that wo n't go away . ,"(""fresnadillo m'z karv and jolting iags have a wa of plying nso your subconscious zbke tea nghtmadre ot haq e oeekq agg that wo n't go wky a"", {'total_alterations': 30, 'delete': 8, 'replace': 18, 'insert': 4})"
255,1,done in other file,positive,"uses sharp humor and insight into human nature to examine class conflict , adolescent yearning , the roots of friendship and sexual identity . ","('uses shprp hmom apo insight into human iatlure to exkmineg cosass conflt f aonescent yearning , the roots of friendship jnd sexual identity .', {'total_alterations': 20, 'delete': 4, 'replace': 13, 'insert': 3})"
256,0,done in other file,negative,so unremittingly awful that labeling it a dog probably constitutes cruelty to canines . ,"('so uremittingy awful twat labeling in e dog probablysu constitutes rueltys p canings m', {'total_alterations': 18, 'delete': 6, 'replace': 7, 'insert': 5})"
257,1,done in other file,positive,"for the most part , director anne-sophie birot 's first feature is a sensitive , extraordinarily well-acted drama . ","(""for txhb most pxmart , dirkctoa anne-sophie irott ' irt fatre bjis q sensitive , extraordinarily well-acted drwam ."", {'total_alterations': 20, 'delete': 7, 'replace': 6, 'insert': 7})"
258,1,done in other file,negative,"another one of those estrogen overdose movies like `` divine secrets of the ya ya sisterhood , '' except that the writing , acting and character development are a lot better . ","(""enotheyr one of those estrogen verdos emovie like `n dgiine estcrets f tc ya oyla sisterhood xy x' except that the wrtinge cc ajing avd character dpevelopmenp ie re lot fbettr w"", {'total_alterations': 40, 'delete': 12, 'replace': 14, 'insert': 14})"
259,1,done in other file,positive,"instead , he shows them the respect they are due . ","('insteedh , he qshobs thezb the respect they e due .', {'total_alterations': 10, 'delete': 3, 'replace': 3, 'insert': 4})"
260,0,done in other file,negative,it has all the excitement of eating oatmeal . ,"('it ht fl xe excitement os eating oatxmealg jq', {'total_alterations': 12, 'delete': 4, 'replace': 4, 'insert': 4})"
261,0,done in other file,negative,i can take infantile humor ... but this is the sort of infantile that makes you wonder about changing the director and writer 's diapers . ,"(""i can takev infangile humor .n. but tisx p ale st of infantile ht mae uyo wbndejr ubut changing h duirwctor faxnd wniter y'j diapers vj"", {'total_alterations': 36, 'delete': 13, 'replace': 13, 'insert': 10})"
262,1,done in other file,negative,"the best revenge may just be living well because this film , unlike other dumas adaptations , is far more likened to a treasure than a lengthy jail sentence . ","('tshoe best revenyuge ayx just be tivng well cause jhs film , unlike other dumas adaptations ,se is far uore hikenend to kg treasure tran a lengthy jail bsevtence fh', {'total_alterations': 28, 'delete': 8, 'replace': 6, 'insert': 14})"
263,1,done in other file,positive,"aside from minor tinkering , this is the same movie you probably loved in 1994 , except that it looks even better . ","('aside fqov minor tinkering u this is the same anvie you prdgbably loved in 1994 qx mexceptx that ntl looks uyven betdr ls', {'total_alterations': 20, 'delete': 1, 'replace': 12, 'insert': 7})"
264,1,done in other file,positive,"far more imaginative and ambitious than the trivial , cash-in features nickelodeon has made from its other animated tv series . ","('far more wmaginativ and ambitwrous ehn kh yrivinl o cassc-in features nickelodeon aj made fmm its other animated tg seyrids .', {'total_alterations': 22, 'delete': 6, 'replace': 12, 'insert': 4})"
265,1,done in other file,positive,"pacino is brilliant as the sleep-deprived dormer , his increasing weariness as much existential as it is physical . ","('avcino is brilliant as e sleep-deprived rdormtr a his kncreasirg wrearineis as much existential ad it is physical .', {'total_alterations': 16, 'delete': 5, 'replace': 6, 'insert': 5})"
266,1,done in other file,negative,"it 's one of those baseball pictures where the hero is stoic , the wife is patient , the kids are as cute as all get-out and the odds against success are long enough to intimidate , but short enough to make a dream seem possible . ","(""im 'n uoe dou those bbseall mitctures whelre tdhee her is ttoic op the if is patient de athee kids are as cuthee as tl ge-ot afed the odps lqgainst supess lroe long enough to intiwiddate , but shr hnouh uo mnkep lra drva seek possible l."", {'total_alterations': 64, 'delete': 18, 'replace': 21, 'insert': 25})"
267,0,done in other file,negative,there 's not enough here to justify the almost two hours . ,"(""thicre 's jsot esmough here tbs justify the almoat dtw hours jt"", {'total_alterations': 14, 'delete': 1, 'replace': 7, 'insert': 6})"
268,1,done in other file,positive,"fun , flip and terribly hip bit of cinematic entertainment . ","('fun , flip and terribly hyup bit f cenematxic entertacinmtnt z.i', {'total_alterations': 10, 'delete': 1, 'replace': 4, 'insert': 5})"
269,0,done in other file,negative,more whiny downer than corruscating commentary . ,"('mqorpe whiny downer qan corruscadhting commentary .', {'total_alterations': 6, 'delete': 1, 'replace': 1, 'insert': 4})"
270,1,done in other file,positive,"as the two leads , lathan and diggs are charming and have chemistry both as friends and lovers . ","('as hse two leads , lathan and diggs ak charmsng ynxd have chemistry bogh sa friepd al loveq .', {'total_alterations': 18, 'delete': 8, 'replace': 5, 'insert': 5})"
271,0,done in other file,negative,the film makes a fatal mistake : it asks us to care about a young man whose only apparent virtue is that he is not quite as unpleasant as some of the people in his life . ,"('the film mke e fatal mistase y it usos lh mo care about a young man hoset olny aparezt virtue is thutw he ibj not quite as unpneasat as soy of the people in his life sw', {'total_alterations': 32, 'delete': 9, 'replace': 16, 'insert': 7})"
272,1,done in other file,positive,"a smart , witty follow-up . ","('k smart y uwitiy follow-up .', {'total_alterations': 6, 'delete': 1, 'replace': 3, 'insert': 2})"
273,0,done in other file,negative,"with virtually no interesting elements for an audience to focus on , chelsea walls is a triple-espresso endurance challenge . ","('with virtually no interesting elements for an audience q focuhs on ti chelsea walls a ub triple-espresso endurance halleonge a', {'total_alterations': 14, 'delete': 4, 'replace': 5, 'insert': 5})"
274,1,done in other file,positive,"whether writer-director anne fontaine 's film is a ghost story , an account of a nervous breakdown , a trip down memory lane , all three or none of the above , it is as seductive as it is haunting . ","(""whether writer-director arne fontaine e'd film ise jj gnhostu strb w an bacmount of an neaous aretakdown f ua rp poxwn omory ahne , ufll tre or snoe of h adve i it is s sfducrive as ii i haunting ."", {'total_alterations': 54, 'delete': 15, 'replace': 25, 'insert': 14})"
275,1,done in other file,positive,cq 's reflection of artists and the love of cinema-and-self suggests nothing less than a new voice that deserves to be considered as a possible successor to the best european directors . ,"(""o 's reflection f rtistx and the love of cinma-and-uelf suggests nothing es ta a naaw voice that deervs to be considera as a possible ucessor tvoe mthex rejst uropehan directors ."", {'total_alterations': 30, 'delete': 15, 'replace': 7, 'insert': 8})"
276,1,done in other file,negative,jones ... does offer a brutal form of charisma . ,"('jones n.. does qfcfer a brutal frem of hrisma oj', {'total_alterations': 10, 'delete': 4, 'replace': 2, 'insert': 4})"
277,0,done in other file,negative,"in an effort , i suspect , not to offend by appearing either too serious or too lighthearted , it offends by just being wishy-washy . ","('in an effort , i sspeyt , ont hog jffed rrby aupeaing eitdhe too sbrous c tsgoo lighthearted , ar offends by just being wihuy-washy .', {'total_alterations': 30, 'delete': 11, 'replace': 8, 'insert': 11})"
